ID,Bottleneck Area,Latitude,Longitude
1,Diversion Rd – Smallville Intersection,10.7066,122.5474
2,Diversion Rd – Megaworld / Festive Walk,10.7102,122.5488
3,Diversion Rd – Donato Pison Ave,10.7085,122.5458
4,Jaro Plaza,10.7244,122.5626
5,Ungka Flyover Area,10.7422,122.545
6,Commission Civil St – Diversion Rd,10.713,122.5518
7,Taft North Intersection,10.7198,122.561
8,La Paz Plaza,10.7077,122.5734
9,Iloilo Terminal Market,10.6928,122.5738
10,Iloilo Central Market,10.6917,122.5731
11,JM Basa Street / Calle Real,10.6921,122.5739
12,Iznart Street Area,10.6929,122.5748
13,Rizal Street Downtown,10.691,122.573
14,Atrium Intersection,10.6981,122.5683
15,General Luna – M.H. del Pilar,10.6993,122.5635
16,Infante Ave – General Luna,10.7008,122.5655
17,UPV / Gen. Luna Corridor,10.6998,122.5669
18,Mandurriao Public Market Area,10.706,122.5409
19,SM City Iloilo Access Road,10.7155,122.5512
20,Lapaz–Jaro Road Corridor,10.715,122.5678
21,Molo Plaza Intersection,10.6991,122.5453
22,GT Mall Molo / Avanceña Area,10.6972,122.5418
