Name,Area of Assignment,Badge Number,Relief,District,Coordinates
"BLANCADA, RYAN",SUPERVISOR,JR1-6001,1st Relief,Jaro,"10.72, 122.56"
"VILLASIS, RODOLFO JR",ASST. SUPERVISOR,JR1-6002,1st Relief,Jaro,"10.72, 122.56"
"BAS, ANTHONY",CPU SCHOOL / LOPEZ JAENA,JR1-8815,1st Relief,Jaro,"10.7300, 122.5500"
"BATISLA-ONG, LOUIE",E LOPEZ (SAN JOSE SCH),JR1-5531,1st Relief,Jaro,"10.718, 122.562"
"BENEDICTO, MARK ANTHONY",JALANDONI ST / COMMISSION CIVIL,JR1-1101,1st Relief,Jaro,"10.7186, 122.5622"
"BLANCADA, CONNIE",WASHINGTON ST,JR1-9972,1st Relief,Jaro,"10.72, 122.56"
"BORBE, JOHN ALEXIS",TABUC SUBA / MC ARTHUR DRIVE,JR1-7740,1st Relief,Jaro,"10.73, 122.57"
"DANIEL, RAMAR",SIMON LEDESMA,JR1-2251,1st Relief,Jaro,"10.72, 122.56"
"ENOJADO, JAY RALPH",SAMBAG ELEM SCHOOL,JR1-4409,1st Relief,Jaro,"10.73, 122.55"
"GONZALES, NEMA FLOR",CERES BUHANG / MC ARTHUR DRIVE,JR1-6638,1st Relief,Jaro,"10.74, 122.57"
"HILARIO, ARISTEO",RIZAL ST / LOPEZ JAENA,JR1-1327,1st Relief,Jaro,"10.72, 122.55"
"HORMILLOSA, ROSSELLE",JARO ELEM / EL 98 DESAMPARADOS,JR1-5582,1st Relief,Jaro,"10.72, 122.56"
"JAMELARIN, RUEL",MC ARTHUR DRIVE / QUINTIN SALAS,JR1-8801,1st Relief,Jaro,"10.7398, 122.5631"
"JIMENA, JAYSON",MC ARTHUR / QUINTIN SALAS ELEM,JR1-3374,1st Relief,Jaro,"10.7398, 122.5631"
"LEONOR, RICHARD",RIZAL ST / SMITH,JR1-1943,1st Relief,Jaro,"10.71, 122.56"
"MADALIPAY, ARTHUR FLOYD",DEL CARMEN / E LOPEZ,JR1-7029,1st Relief,Jaro,"10.718, 122.562"
"PADURA, LAWRENCE",CT MALL TAGBAK / MC ARTHUR,JR1-4461,1st Relief,Jaro,"10.75, 122.57"
"SADIA, JOVAN",CUBAY TABUC SUBA / MC ARTHUR,JR1-2280,1st Relief,Jaro,"10.74, 122.58"
"SALGADO, ALMAR",CUBAY TABUC SUBA / MC ARTHUR,JR1-9034,1st Relief,Jaro,"10.74, 122.58"
"SALVADO, NELL JOHN",BUHANG FLY OVER,JR1-6617,1st Relief,Jaro,"10.74, 122.57"
"SANTANDER, ADRIAN",E LOPEZ ST (ROBINSON'S PLACE),JR1-3351,1st Relief,Jaro,"10.718, 122.562"
"SAUL, KHING",TAGBAK TERMINAL / MC ARTHUR,JR1-1192,1st Relief,Jaro,"10.75, 122.57"
"SENINA, JOSE JR",STO DOMINGO / E LOPEZ,JR1-5503,1st Relief,Jaro,"10.718, 122.562"
"SERUELO, JONATHAN",METRO POLIS / TAGBAK / MC ARTHUR,JR1-7711,1st Relief,Jaro,"10.75, 122.57"
"SORIA, SONNY",JAVELLANA COMMISSION CIVIL,JR1-9040,1st Relief,Jaro,"10.72, 122.57"
"SUNGA, KATE ASHLEY",JAVELLANA / LEDESCO / RIZAL ST,JR1-2263,1st Relief,Jaro,"10.72, 122.57"
"TACAISAN, FRTIZ MICHAEL",JALANDONI ST / E LOPEZ,JR1-6642,1st Relief,Jaro,"10.7186, 122.5622"
"TACAISAN, KARL DUSTIN",E LOPEZ ST (MISSION ROAD),JR1-4098,1st Relief,Jaro,"10.718, 122.562"
"TAGOLIMOT, YVAN LEE",SAN ISIDRO / LOPEZ JAENA,JR1-1350,1st Relief,Jaro,"10.72, 122.55"
"TAN, JOHN RAFAEL",ROVING,JR1-5585,1st Relief,Jaro,"10.72, 122.56"
"VERAS, CLEMENTE",EL 98 / CUARTERO,JR1-7712,1st Relief,Jaro,"10.7226, 122.5554"
"VERAS, CLINBERT",BALABAGO / COASTAL ROAD,JR1-9039,1st Relief,Jaro,"10.74, 122.58"
"VILLARAN, KENT MICHAEL",C1 ROAD / TACAS,JR1-2260,1st Relief,Jaro,"10.75, 122.57"
"VILLARUZ, RUDIELY",RIZAL ST / ARGUELLES,JR1-6649,1st Relief,Jaro,"10.72, 122.56"
"TUBOLA, RECARTE",SUPERVISOR,CP1-1025,1st Relief,City Proper,"10.70, 122.56"
"SALARDA, JERY SR",ASST. SUPERVISOR SECTOR-A,CP1-1026,1st Relief,City Proper,"10.70, 122.56"
"JAMOLONG, CLARIZ",ASST. SUPERVISOR SECTOR-B,CP1-1027,1st Relief,City Proper,"10.70, 122.56"
"ALAG, REYNALD",ROVING,CP1-4492,1st Relief,City Proper,"10.70, 122.56"
"ALFORO, EDGAR",ILOILO CITY HALL,CP1-8103,1st Relief,City Proper,"10.692, 122.567"
"ARCEGA, APRIL JOY",SAGRADO / HUASIONG,CP1-5527,1st Relief,City Proper,"10.70, 122.56"
"ARMADA, ARGIE",GUANCO / JM BASA,CP1-1190,1st Relief,City Proper,"10.69, 122.56"
"BASILIO, JOEMAR",JALANDONI / GEN. LUNA,CP1-6044,1st Relief,City Proper,"10.70, 122.56"
"BELARMA, JONJI",VALERIA / DELGADO,CP1-2281,1st Relief,City Proper,"10.70, 122.56"
"BERNARTE, JOHN",ROVING,CP1-7736,1st Relief,City Proper,"10.70, 122.56"
"CIELO, ARIEL",JALANDONI / LEDESMA,CP1-3092,1st Relief,City Proper,"10.70, 122.56"
"CORDOVA, POTENCIANO JR",GEN LUNA (AURORA),CP1-8841,1st Relief,City Proper,"10.70, 122.56"
"DELA CRUZ, CYRUS",GUANCO / RIZAL,CP1-1562,1st Relief,City Proper,"10.70, 122.56"
"DEMIDEN, RICHARD",ARROYO FOUNTAIN,CP1-9023,1st Relief,City Proper,"10.70, 122.56"
"DOMINGO, CHARLOTTE MAE",GEN LUNA (WAITING SHED PP1),CP1-4470,1st Relief,City Proper,"10.70, 122.56"
"ELEN, ELY",ROTONDA ATRIUM,CP1-6615,1st Relief,City Proper,"10.69, 122.57"
"ESPAÑOL, CARD JEFREY",YULO / IZNART,CP1-2938,1st Relief,City Proper,"10.69, 122.57"
"FLORES, ASPYR",ARROYO / MUELLE LONEY,CP1-5021,1st Relief,City Proper,"10.70, 122.57"
"FLORES, CLARENCE MAY",PAROLA WHARF,CP1-8374,1st Relief,City Proper,"10.69, 122.57"
"GANE, VICTOR",MABINI / RIZAL,CP1-1149,1st Relief,City Proper,"10.70, 122.56"
"GARDOSE, EDUARDO",IZNART / LEDESMA,CP1-7006,1st Relief,City Proper,"10.70, 122.57"
"HECHANOVA, RICKY",RIZAL / DE LEON,CP1-3312,1st Relief,City Proper,"10.70, 122.56"
"JARANILLA, JEFFERSON",INFRONT ILOILO CAPITOL,CP1-9954,1st Relief,City Proper,"10.69, 122.56"
"JUSDIN, ROMEO",FUENTES / DE LEON,CP1-2208,1st Relief,City Proper,"10.70, 122.56"
"LESACA, JAN MICHAEL",FUENTES / RIZAL,CP1-6673,1st Relief,City Proper,"10.70, 122.56"
"LOPEZ, AUGUSTO JR",ILOILO CITY HALL,CP1-4431,1st Relief,City Proper,"10.692, 122.567"
"MEDROSO, PAUL CANDID",JALANDONI / GEN. LUNA,CP1-1085,1st Relief,City Proper,"10.70, 122.56"
"NABU-AB, JOHN LEO",MABINI / DELGADO,CP1-5920,1st Relief,City Proper,"10.70, 122.56"
"NAVALES, FRANCISCO JR",MABINI / LEDESMA,CP1-8832,1st Relief,City Proper,"10.70, 122.56"
"ORIBE, AL JUDE",MA CLARA,CP1-3317,1st Relief,City Proper,"10.69, 122.56"
"OTERO, ALLAN",QUEZON / LEDESMA,CP1-7749,1st Relief,City Proper,"10.70, 122.56"
"PABULAYAN, AURELIO",ILOILO CITY HALL,CP1-2104,1st Relief,City Proper,"10.692, 122.567"
"PAGUNSAN, CESAR SR",DELGADO / JALANDONI,CP1-6058,1st Relief,City Proper,"10.70, 122.56"
"PELOBELLO, CHRISTOPHER",ALDEGUER / IZNART (HUASIONG),CP1-9921,1st Relief,City Proper,"10.69, 122.57"
"SAPORNO, ERWIN",MABINI / GEN. LUNA,CP1-4480,1st Relief,City Proper,"10.70, 122.56"
"TINAMISAN, ALEJA",JM BASA / ARROYO,CP1-1372,1st Relief,City Proper,"10.69, 122.56"
"VILLAGRACIA, MARGARITO",INFRONT ILOILO CAPITOL,CP1-5516,1st Relief,City Proper,"10.69, 122.56"
"MENDOZA, ROY",SUPERVISOR,LP1-2001,1st Relief,Lapaz,"10.72, 122.58"
"DAYHON, ELMAR",ASST. SUPERVISOR,LP1-2002,1st Relief,Lapaz,"10.72, 122.58"
"BOLADO, JASON",LUNA / ARROYO,LP1-8421,1st Relief,Lapaz,"10.72, 122.58"
"CARMONA, AIZHELLE ANN",HUERVANA / RIZAL,LP1-5563,1st Relief,Lapaz,"10.71, 122.57"
"CAUSING, LEO JOSEF",JEREOS EXT / LAPAZ ELEM SCHOOL,LP1-1109,1st Relief,Lapaz,"10.72, 122.58"
"CORONADO, CHRISTINE JOY",LUNA / ARROYO,LP1-9932,1st Relief,Lapaz,"10.72, 122.58"
"DELA PEÑA, ROMY",RORO LAPUZ,LP1-7745,1st Relief,Lapaz,"10.70, 122.57"
"ESPINOSA, ELVIN BOY",LUNA / ARROYO,LP1-2258,1st Relief,Lapaz,"10.72, 122.58"
"GARNISO, ERNIE",ROVING / UNASSIGNED,LP1-4401,1st Relief,Lapaz,"10.72, 122.58"
"GEGUERA, REYNALDO",BALDOZA,LP1-6634,1st Relief,Lapaz,"10.7226, 122.5554"
"IMBALLA, LODERICK",ROVING / UNASSIGNED,LP1-1327,1st Relief,Lapaz,"10.72, 122.58"
"JUANON, JEJE",INHS / LUNA,LP1-5580,1st Relief,Lapaz,"10.72, 122.58"
"LAYSON, VINCENT FRANZ",HUERVANA / ARROYO,LP1-8809,1st Relief,Lapaz,"10.71, 122.58"
"LEGASPI, SHARON JOY",INHS / LUNA,LP1-3372,1st Relief,Lapaz,"10.72, 122.58"
"MAAÑO, AL",ROVING / UNASSIGNED,LP1-1945,1st Relief,Lapaz,"10.72, 122.58"
"MACAINAN, RICHARD",ROVING / UNASSIGNED,LP1-7021,1st Relief,Lapaz,"10.72, 122.58"
"MACAWIWILI, JOSHUA",ROVING / UNASSIGNED,LP1-4462,1st Relief,Lapaz,"10.72, 122.58"
"MEJICA, CHARLIE",RORO LAPUZ,LP1-2287,1st Relief,Lapaz,"10.70, 122.57"
"RITA, MERIAM",GAISANO / LUNA,LP1-9034,1st Relief,Lapaz,"10.71, 122.58"
"SERUELO, JONATHAN",ROVING / UNASSIGNED,LP1-6611,1st Relief,Lapaz,"10.72, 122.58"
"SIAOTONG, ANN ANN",LUNA,LP1-3359,1st Relief,Lapaz,"10.72, 122.58"
"VALENCIA, DANILO",LA GRANJA,LP1-1192,1st Relief,Lapaz,"10.71, 122.58"
"YAP, JOHN ANDREI",GUSTILO / MAGDALO,LP1-5507,1st Relief,Lapaz,"10.72, 122.58"
"VILLANUEVA, MICHAEL",SUPERVISOR,MO1-3001,1st Relief,Molo,"10.69, 122.53"
"BALMES, LEONILO",ASST. SUPERVISOR,MO1-3002,1st Relief,Molo,"10.69, 122.53"
"ALIBAS, AUGUSTO",VILLA SUPERMART,MO1-8841,1st Relief,Molo,"10.68, 122.51"
"BABIERA, PATRICIO JR",TANZA TIMAWA / DOCTORS,MO1-5539,1st Relief,Molo,"10.69, 122.54"
"BATILARAN, PEARL JOY",MOHON TERMINAL,MO1-1102,1st Relief,Molo,"10.69, 122.50"
"BATILARAN, VIRGIE",MOHON TERMINAL,MO1-9923,1st Relief,Molo,"10.69, 122.50"
"BAYLON, JULIET",ENTRANCE DOCTOR'S,MO1-7740,1st Relief,Molo,"10.69, 122.54"
"BORNALES, RAY",MOHON / PLAZA MOLO,MO1-2257,1st Relief,Molo,"10.69, 122.50"
"CALAPILLO, ANTHONY",ICAG / GT MALL,MO1-4408,1st Relief,Molo,"10.70, 122.52"
"CALUMPITA, KRISTIAN CARLO",AVANCEÑA ST,MO1-6631,1st Relief,Molo,"10.69, 122.52"
"CAMACHO, JOSE",INFANTE / DOCTOR'S,MO1-1324,1st Relief,Molo,"10.69, 122.54"
"CASTANTE, NELSON SR.",TOWER / JOHN B LACSON,MO1-5586,1st Relief,Molo,"10.69, 122.53"
"CHONG, JOHN ROBERT",RANHS / AREVALO / SUPERMART VILLA,MO1-8802,1st Relief,Molo,"10.68, 122.51"
"DELA CRUZ, STEPHEN",BALUARTE INTERSECTION,MO1-3379,1st Relief,Molo,"10.69, 122.55"
"EDHAN, ROMNICK",VILLA / STO NIÑO SUR ELEM SCH,MO1-1940,1st Relief,Molo,"10.68, 122.51"
"ESPAÑOLA, MIGUEL",INFANTE / DOCTOR'S,MO1-7028,1st Relief,Molo,"10.69, 122.54"
"GAITE, HONORATO JR",LOCSIN ST,MO1-4463,1st Relief,Molo,"10.69, 122.53"
"GARDOQUE, STEFFANIE",ICNHS / GT MALL,MO1-2281,1st Relief,Molo,"10.70, 122.52"
"HEPOLEO, DOLORES",STO DOMINGO ELEM SCH,MO1-9035,1st Relief,Molo,"10.69, 122.52"
"JIMENEZ, JOHN RAFFY",HOLY ROSARY,MO1-6617,1st Relief,Molo,"10.69, 122.52"
"DELA CRUZ, NELSON",AREVALO ELEM / SUPERMART VILLA,MO1-3352,1st Relief,Molo,"10.68, 122.51"
"MAPRANGALA, RHONE JAY",AVANCEÑA / SUPERMART MOLO,MO1-1194,1st Relief,Molo,"10.69, 122.52"
"PALACIOS, RONNIE",MOLO MANSION,MO1-5501,1st Relief,Molo,"10.695, 122.545"
"SALARDA, JERY JR.",I ARROYO ELEM SCH,MO1-7718,1st Relief,Molo,"10.69, 122.53"
"SIOSAN, RICKY",TOWER,MO1-9042,1st Relief,Molo,"10.69, 122.53"
"TONO, ARNOLD",BALUARTE ELEM SCH,MO1-2264,1st Relief,Molo,"10.69, 122.55"
"VACARO, MICHELLE JANE",GT MALL,MO1-6641,1st Relief,Molo,"10.70, 122.52"
"VILLAVICENCIO, MAGNO",MOHON TERMINAL,MO1-4099,1st Relief,Molo,"10.69, 122.50"
"BAUTISTA, CRISOSTOMO",SUPERVISOR,MD1-4001,1st Relief,Mandurriao,"10.72, 122.53"
"SURIA, FRANCIS",ASST. SUPERVISOR,MD1-4002,1st Relief,Mandurriao,"10.72, 122.53"
"ACAC, ROMMEL",R MAPA / MIRASOL,MD1-7710,1st Relief,Mandurriao,"10.71, 122.53"
"ADANIEL, ALEX",INTERSECTION R MAPA,MD1-9908,1st Relief,Mandurriao,"10.71, 122.53"
"CAPANAS, ALBERTO",PERFECTO RIZAL (PLAZA),MD1-1143,1st Relief,Mandurriao,"10.71, 122.54"
"CORPIN, MAURO",C5 / HIBAO-AN,MD1-5567,1st Relief,Mandurriao,"10.72, 122.52"
"FRONDOZA, JAYSON",R MAPA ST (SUNSET ENTRANCE),MD1-3321,1st Relief,Mandurriao,"10.71, 122.53"
"LUNA, KINLY",Q ABETO,MD1-8879,1st Relief,Mandurriao,"10.71, 122.53"
"JORDA, EDWARD VAN",R MAPA ST (SUNSET EXIT),MD1-2204,1st Relief,Mandurriao,"10.71, 122.53"
"LEE, DAREN VON",R MAPA / TABUCAN,MD1-6641,1st Relief,Mandurriao,"10.71, 122.53"
"VALENCIA, DANILO",R MAPA/ OÑATE,MD1-4092,1st Relief,Mandurriao,"10.71, 122.53"
"MALAGA, ROBERTO",R MAPA/ OÑATE,MD1-1351,1st Relief,Mandurriao,"10.71, 122.53"
"MERCADO, RALPH",R MAPA/ OÑATE,MD1-5582,1st Relief,Mandurriao,"10.71, 122.53"
"ORENDAIN, EUGENE",Q ABETO (PHHC),MD1-7718,1st Relief,Mandurriao,"10.71, 122.53"
"PARREÑO, CHRISTOPHER",C5 / HIBAO-AN,MD1-9039,1st Relief,Mandurriao,"10.72, 122.52"
"PEÑAFLOR, ANTONIO",Q ABETO (WVMC),MD1-2262,1st Relief,Mandurriao,"10.71, 122.53"
"SANCHEZ, ARTHUR",Q ABETO (PHHC),MD1-6640,1st Relief,Mandurriao,"10.71, 122.53"
"MILA, GERARDO JR II",SUPERVISOR,TDZ1-5001,1st Relief,Mandurriao-TDZ,"10.72, 122.53"
"PARCON, CUSTODIO JR",ASST. SUPERVISOR,TDZ1-5002,1st Relief,Mandurriao-TDZ,"10.72, 122.53"
"ALARILLA, AVENIER",TEMP SM CITY ENTRANCE,TDZ1-8849,1st Relief,Mandurriao-TDZ,"10.71, 122.54"
"AREÑO, FRANCISCO JR",UNGKA TERMINAL,TDZ1-1123,1st Relief,Mandurriao-TDZ,"10.74, 122.54"
"BORNALES, MARK JANCEN",SAN RAFAEL TRAFFIC LIGHTS / ICC,TDZ1-5591,1st Relief,Mandurriao-TDZ,"10.71, 122.54"
"CA-AS, TERRENCE JOHN",DUNGON A / INDIAN TRAIL,TDZ1-3378,1st Relief,Mandurriao-TDZ,"10.72, 122.53"
"CORONADO, IRENE",SAM'S 21,TDZ1-9904,1st Relief,Mandurriao-TDZ,"10.71, 122.54"
"DAYON, ARDIOLIN",TAFT NORTH,TDZ1-7740,1st Relief,Mandurriao-TDZ,"10.72, 122.54"
"DINGCONG, REMY",PLAZUELA 2,TDZ1-2211,1st Relief,Mandurriao-TDZ,"10.71, 122.54"
"GAJE, JEOGIN",UNGKA / SAN AGUSTIN HIGH SCHOOL,TDZ1-6638,1st Relief,Mandurriao-TDZ,"10.74, 122.54"
"GUSTILO, MAFEREBLES",TIME KEEPER / TAFT NORTH,TDZ1-4402,1st Relief,Mandurriao-TDZ,"10.72, 122.54"
"LUSABIA, JAY-R",MONKEY GROUND,TDZ1-1390,1st Relief,Mandurriao-TDZ,"10.72, 122.53"
"MAMBURAM, MELANIE",TAFT NORTH,TDZ1-5587,1st Relief,Mandurriao-TDZ,"10.72, 122.54"
"MOSPA, ROGER JR",INJAP,TDZ1-9021,1st Relief,Mandurriao-TDZ,"10.72, 122.54"
"PUMAREN, REYNALDO JR",SAN RAFAEL TRAFFIC LIGHTS,TDZ1-6619,1st Relief,Mandurriao-TDZ,"10.71, 122.54"
"ROXAS, MARI FRANCE",STRATA / GILL CAR DISPLAY,TDZ1-3342,1st Relief,Mandurriao-TDZ,"10.72, 122.54"
"SAJONIA, RUFINO",SUPERVISOR,CP2-1001,2nd Relief,City Proper,"10.70, 122.56"
"CASTRO, WALTER JR",ASST. SUPERVISOR SECTOR-A,CP2-1002,2nd Relief,City Proper,"10.70, 122.56"
"SAJONIA, FERDINAND",ASST. SUPERVISOR SECTOR-B,CP2-1003,2nd Relief,City Proper,"10.70, 122.56"
"ABONG, EDUARDO",MABINI / DELGADO,CP2-8492,2nd Relief,City Proper,"10.70, 122.56"
"ALAG, NOEL",JALANDONI / GEN. LUNA,CP2-3310,2nd Relief,City Proper,"10.70, 122.56"
"ASUELO, ROMERICO JR",ALDEGUER / JM BASA,CP2-5721,2nd Relief,City Proper,"10.69, 122.56"
"AZUELO, FRANKLIN",GEN LUNA / VALERIA,CP2-9083,2nd Relief,City Proper,"10.70, 122.56"
"CATALUÑA, ALFREDO JR",ARROYO / IZNART,CP2-1145,2nd Relief,City Proper,"10.70, 122.57"
"COSIP, BENJAMIN JR",MABINI / GEN. LUNA,CP2-2276,2nd Relief,City Proper,"10.70, 122.56"
"COSIP, BENJAMIN SR",MABINI / RIZAL,CP2-4491,2nd Relief,City Proper,"10.70, 122.56"
"DELA CRUZ, RICHMOND",ROTONDA ATRIUM,CP2-6632,2nd Relief,City Proper,"10.69, 122.57"
"DELGADO, DOMINGO",ARROYO / IZNART,CP2-7740,2nd Relief,City Proper,"10.70, 122.57"
"DIVINAGRACIA, JOHN WILMAR",MABINI / GEN. LUNA,CP2-1928,2nd Relief,City Proper,"10.70, 122.56"
"DURAN, RACHELLE",CASA DE ESPAÑA,CP2-5531,2nd Relief,City Proper,"10.70, 122.56"
"DUYAG, ELMER",IZNART / HUA SIONG AREA,CP2-8820,2nd Relief,City Proper,"10.70, 122.57"
"ESCARES, RYAN",ATRIUM,CP2-3104,2nd Relief,City Proper,"10.69, 122.57"
"ESUNGGA, ROLANDO",IZNART / DE LEON & ALDEGUER,CP2-6077,2nd Relief,City Proper,"10.70, 122.57"
"GAITE, JAYBEE",QUEZON / LEDESMA,CP2-9912,2nd Relief,City Proper,"10.70, 122.56"
"GENON, JAKE MARCK",JALANDONI / GEN. LUNA,CP2-4256,2nd Relief,City Proper,"10.70, 122.56"
"HORTILLOSA, ROMEL",PAROLA WHARF / HUA SIONG,CP2-1384,2nd Relief,City Proper,"10.69, 122.57"
"IGARLINO, ERANIO",YULO / IZNART,CP2-2591,2nd Relief,City Proper,"10.69, 122.57"
"JENETILLO, ARJAY",JALANDONI / LEDESMA,CP2-7003,2nd Relief,City Proper,"10.70, 122.56"
"JUMANTOC, EDGARDO JR",IZNART / LEDESMA,CP2-8321,2nd Relief,City Proper,"10.70, 122.57"
"LENGOSTE, ROBERT",FUENTES / RIZAL,CP2-5564,2nd Relief,City Proper,"10.70, 122.56"
"LINAOGO, ERNIE",MARIA CLARA,CP2-1102,2nd Relief,City Proper,"10.69, 122.56"
"LUMINARIO, ARIEL",ALDEGUER / JM BASA,CP2-9045,2nd Relief,City Proper,"10.69, 122.56"
"MAESTRE, DAVE",FUENTES / LEDESMA,CP2-3378,2nd Relief,City Proper,"10.70, 122.56"
"MAGBANUA, CHARLIE",PAROLA WHARF / JALANDONI,CP2-4482,2nd Relief,City Proper,"10.69, 122.57"
"MECAYER, RITO",VALERIA / LEDESMA,CP2-6019,2nd Relief,City Proper,"10.70, 122.56"
"MOLINA, BENJIE",ARROYO FOUNTAIN,CP2-2290,2nd Relief,City Proper,"10.70, 122.56"
"NAVAJAS, EDDIE JR",ARROYO / MUELLE LONEY,CP2-7731,2nd Relief,City Proper,"10.70, 122.57"
"PAVON, JASON",QUEZON / LEDESMA,CP2-8854,2nd Relief,City Proper,"10.70, 122.56"
"QUILING, DANILO II JR",QUEZON / DELGADO,CP2-1049,2nd Relief,City Proper,"10.70, 122.56"
"SERNIAS, IRENEO",VALERIA / DELGADO,CP2-3327,2nd Relief,City Proper,"10.70, 122.56"
"SIOSAN, DENNIS RICARDO JR",JALANDONI / DELGADO,CP2-5918,2nd Relief,City Proper,"10.70, 122.56"
"SOLINAP, JIMMY",MABINI / DE LEON,CP2-2204,2nd Relief,City Proper,"10.70, 122.56"
"SOLINAP, JOEMARIE",FUENTES / DE LEON / LEDESMA,CP2-7162,2nd Relief,City Proper,"10.70, 122.56"
"SUCGANG, ELMER",QUEZON / DE LEON,CP2-4439,2nd Relief,City Proper,"10.70, 122.56"
"TABUCAN, JONHAS",ROTONDA ATRIUM,CP2-9081,2nd Relief,City Proper,"10.69, 122.57"
"TUPAS, NESSTHERI",JALANDONI / SAN AG,CP2-6625,2nd Relief,City Proper,"10.70, 122.56"
"USALLA, RAMON JR",ATRIUM,CP2-3314,2nd Relief,City Proper,"10.69, 122.57"
"PANUNCIALMAN, PATRICK PAUL",SUPERVISOR,LP2-3001,2nd Relief,Lapaz,"10.72, 122.58"
"TRIBUNAL, NESTOR",ASST. SUPERVISOR,LP2-3002,2nd Relief,Lapaz,"10.72, 122.58"
"AYOMANA, JOFRE",TICUD BALDOZA,LP2-8412,2nd Relief,Lapaz,"10.72, 122.59"
"BACARA, MARK JOZEL",BALDOZA,LP2-5539,2nd Relief,Lapaz,"10.7226, 122.5554"
"CABANA, REY",RORO LAPUZ,LP2-1107,2nd Relief,Lapaz,"10.70, 122.57"
"DAYMON, ERNESTO",JMES RAILWAY / MC ARTHUR HUERVANA,LP2-9923,2nd Relief,Lapaz,"10.71, 122.58"
"DEPALUBOS, RUTCHEL",INHS / LUNA,LP2-7741,2nd Relief,Lapaz,"10.72, 122.58"
"EVANGELISTA, ELMER",LUNA ST,LP2-2250,2nd Relief,Lapaz,"10.72, 122.58"
"FERRER, IRENE",GAISANO / HUERVANA,LP2-4091,2nd Relief,Lapaz,"10.71, 122.58"
"GEMAL, VINCENT",HUERVANA / RIZAL,LP2-6638,2nd Relief,Lapaz,"10.71, 122.57"
"JANEO, MA. JOSE",RORO LAPUZ,LP2-1329,2nd Relief,Lapaz,"10.70, 122.57"
"LAYSON, JACKELYN",JD HUERVANA,LP2-5582,2nd Relief,Lapaz,"10.71, 122.58"
"OLOROSO, RICHARD",ISAT - U,LP2-8804,2nd Relief,Lapaz,"10.72, 122.58"
"ORENDAIN, ELMER",LAPAZ / MC ARTHUR,LP2-3371,2nd Relief,Lapaz,"10.71, 122.58"
"PALSARIO, DANILO",LUNA / ARROYO,LP2-1940,2nd Relief,Lapaz,"10.72, 122.58"
"RAFIO, JEZZ",PRIME ESTATE,LP2-7022,2nd Relief,Lapaz,"10.72, 122.58"
"ROZAGA, FLORE MAE",LA GRANJA,LP2-4467,2nd Relief,Lapaz,"10.71, 122.58"
"TABUD, AGUSTIN",LA GRANJA,LP2-2285,2nd Relief,Lapaz,"10.71, 122.58"
"TUERES, LIZA MAE",HUERVANA ST,LP2-9031,2nd Relief,Lapaz,"10.71, 122.58"
"VILLAGRACIA, BENGIE",MABINI,LP2-6614,2nd Relief,Lapaz,"10.71, 122.58"
"VILLARAN, RONILO",LUNA,LP2-3356,2nd Relief,Lapaz,"10.72, 122.58"
"CASAS, NOEL",SUPERVISOR,MO2-6001,2nd Relief,Molo,"10.69, 122.53"
"ABRASUSA, JOEMAR",ASST. SUPERVISOR,MO2-6002,2nd Relief,Molo,"10.69, 122.53"
"ARBAN, HARRY",AVANCEÑA / FUNDIDOR MOLO,MO2-8812,2nd Relief,Molo,"10.69, 122.52"
"ASUNCION, MARLON",JOCSON ST / C1 VILLA AREVALO,MO2-5531,2nd Relief,Molo,"10.68, 122.51"
"BARRERA, LOREN",MH DEL PILAR MOLO,MO2-1104,2nd Relief,Molo,"10.69, 122.54"
"BEBIT, HERNOR",AREVALO ELEM SCHOOL,MO2-9972,2nd Relief,Molo,"10.68, 122.51"
"BERNALDEZ, VINCENT",INFANTE ST / TIMAWA ST,MO2-7740,2nd Relief,Molo,"10.69, 122.54"
"DAGANDARA, RICKY",YULO DRIVE VILLA AREVALO,MO2-2251,2nd Relief,Molo,"10.68, 122.51"
"DELA CRUZ, BERNIE",MOHON TERMINAL,MO2-4409,2nd Relief,Molo,"10.69, 122.50"
"GONZAGA, RYDAN",MOLO MANSION,MO2-6638,2nd Relief,Molo,"10.695, 122.545"
"JALECO, SANDER",AVANCEÑA ST (HOLY ROSARY),MO2-1327,2nd Relief,Molo,"10.69, 122.52"
"JANEO, ANICETO JR",LOPEZ JAENA ST / SAN ANTONIO (RUSI),MO2-5582,2nd Relief,Molo,"10.70, 122.53"
"JUNSAY, WALTER",LOCSIN ST,MO2-8801,2nd Relief,Molo,"10.69, 122.53"
"LABATAGOS, ALLAN REED",AVANCEÑA / LOCSIN ST,MO2-3374,2nd Relief,Molo,"10.69, 122.53"
"LABATAGOS, ELLEN GRACE",AVANCEÑA / ILOILO SUPERMART MOLO,MO2-1943,2nd Relief,Molo,"10.69, 122.52"
"LAMILA, CHARON",OSMEÑA ST / STA CRUZ VILLA AREVALO,MO2-7029,2nd Relief,Molo,"10.68, 122.51"
"MAGTIZA, NORMAN",INFANTE ST / BALUARTE MOLO,MO2-4461,2nd Relief,Molo,"10.69, 122.55"
"NAGUIT, EMELY",DELGADO ST / INFANTE ST,MO2-2280,2nd Relief,Molo,"10.69, 122.54"
"PAHILGA, CIRILO JR",BALUARTE / BOULEVARD MOLO,MO2-9034,2nd Relief,Molo,"10.69, 122.55"
"PALAC, JAY",C1 SUNSET BOULEVARD,MO2-6617,2nd Relief,Molo,"10.70, 122.50"
"PALSARIO, RINAN",SAN MARECOS ST (GROUND EFFECTS),MO2-3351,2nd Relief,Molo,"10.69, 122.52"
"PORTUGALETE, CARLLUOIE",GT MALL / MH DEL PILAR,MO2-1192,2nd Relief,Molo,"10.70, 122.52"
"PRESCION, LARRY",MOHON TERMINAL,MO2-5503,2nd Relief,Molo,"10.69, 122.50"
"ROBLES, EDRON",LOPEZ JAENA ST / MH DEL PILAR,MO2-7711,2nd Relief,Molo,"10.70, 122.54"
"SALMINGO, JUDE",SAN JOSE ST / MH DEL PILAR,MO2-9040,2nd Relief,Molo,"10.69, 122.54"
"SERNIAS, JOSELITO",INFANTE ST / GEN LUNA (UP),MO2-2263,2nd Relief,Molo,"10.70, 122.56"
"SIASON, MA. JOAN",BONIFACIO ST / VILLA AREVALO,MO2-6642,2nd Relief,Molo,"10.68, 122.51"
"SILVA, ANGELO",LOPEZ JAENA ST / COMPANIA,MO2-4098,2nd Relief,Molo,"10.70, 122.53"
"TRIBUNAL, JERRY",TIMAWA ST / INFANTE ST (DOCTOR'S),MO2-1350,2nd Relief,Molo,"10.69, 122.54"
"TUERES, PAOLO JAMES",AVANCEÑA / LOADING / UNLOADING (VILLA),MO2-5585,2nd Relief,Molo,"10.68, 122.51"
"UMADHAY, ARJONE",QUEZON ST VILLA AREVALO,MO2-7712,2nd Relief,Molo,"10.68, 122.51"
"VILLANUEVA, IYREN",MOHON TERMINAL,MO2-9039,2nd Relief,Molo,"10.69, 122.50"
"SEGUNDINE, MA. JUANITA",SUPERVISOR,MD2-4001,2nd Relief,Mandurriao,"10.72, 122.53"
"CADAGUMAN, NOVA MAE",ASST. SUPERVISOR,MD2-4002,2nd Relief,Mandurriao,"10.72, 122.53"
"ABADA, PAZ",MIRASOL ELEM SCHOOL,MD2-7712,2nd Relief,Mandurriao,"10.71, 122.53"
"ARIGORAT, LEONARD",Q ABETO,MD2-9903,2nd Relief,Mandurriao,"10.71, 122.53"
"DELLOMES, RYAN",Q ABETO,MD2-1148,2nd Relief,Mandurriao,"10.71, 122.53"
"GABAYOYO, ROMELO",R MAPA ST (SUNSET EXIT),MD2-5561,2nd Relief,Mandurriao,"10.71, 122.53"
"HERMANO, ROMEL",C5 / HIBAO-AN,MD2-3329,2nd Relief,Mandurriao,"10.72, 122.52"
"JANEO, RONALD",Q ABETO,MD2-8874,2nd Relief,Mandurriao,"10.71, 122.53"
"JUGO, MARK ANGELO",ATRIA / ATENEO GATE,MD2-2201,2nd Relief,Mandurriao,"10.71, 122.54"
"MISAJON, ARRIEL",C5 / HIBAO-AN,MD2-6643,2nd Relief,Mandurriao,"10.72, 122.52"
"OLIVERES, JADE",TABUCAN,MD2-4092,2nd Relief,Mandurriao,"10.71, 122.53"
"PAGUNTALAN, JERNA",OÑATE / R MAPA,MD2-1355,2nd Relief,Mandurriao,"10.71, 122.53"
"PENTURAS, LARA MAE",OÑATE / DE LEON,MD2-5580,2nd Relief,Mandurriao,"10.71, 122.53"
"RECAÑAS, CHRIS ANGELO",R MAPA ST (SUNSET ENTRANCE),MD2-7719,2nd Relief,Mandurriao,"10.71, 122.53"
"SONON, HENRYSA",OÑATE / DE LEON,MD2-9034,2nd Relief,Mandurriao,"10.71, 122.53"
"SUPERTICIOSO, ARLIE",PERFECTO RIZAL (PLAZA),MD2-2267,2nd Relief,Mandurriao,"10.71, 122.54"
"SUPANHARE, ARMO",SUPERVISOR,TDZ-5001,2nd Relief,Mandurriao-TDZ,"10.72, 122.53"
"DAULO, MOON ALBERT",ASST. SUPERVISOR,TDZ-5002,2nd Relief,Mandurriao-TDZ,"10.72, 122.53"
"AGABE, LNYDL",SAM'S 21 MAIN ROAD,TDZ-8841,2nd Relief,Mandurriao-TDZ,"10.71, 122.54"
"BAJAR, MARK ANTHONY",PISON / SAN RAFAEL TRAFFIC LIGHTS MAIN ROAD,TDZ-1120,2nd Relief,Mandurriao-TDZ,"10.71, 122.54"
"BORJA, ORJEE",TAFT NORTH MAIN ROAD,TDZ-5593,2nd Relief,Mandurriao-TDZ,"10.72, 122.54"
"BURCA, YASSER",UNGKA TERMINAL,TDZ-3371,2nd Relief,Mandurriao-TDZ,"10.74, 122.54"
"CASTILLO, RICHARD",UNGKA FLY OVER,TDZ-9908,2nd Relief,Mandurriao-TDZ,"10.74, 122.54"
"DEOCAMPO, JACOB",TAFT NORTH MAIN ROAD,TDZ-7742,2nd Relief,Mandurriao-TDZ,"10.72, 122.54"
"DURAN, IAN REY",SAM'S 21 SERVICE ROAD,TDZ-2210,2nd Relief,Mandurriao-TDZ,"10.71, 122.54"
"JANDUCAYAN, KRISTIAN JAY",TAFT NORTH SERVICE ROAD,TDZ-6634,2nd Relief,Mandurriao-TDZ,"10.72, 122.54"
"JORDAN, OLIVER",PISON / SAN RAFAEL TRAFFIC LIGHTS SERVICE ROAD,TDZ-4409,2nd Relief,Mandurriao-TDZ,"10.71, 122.54"
"LEDESMA, ANACLETO JR",SAN AGUSTIN / SAMBAG,TDZ-1392,2nd Relief,Mandurriao-TDZ,"10.73, 122.53"
"MAÑALAC, EDWIN JR",STRATA SERVICE ROAD,TDZ-5581,2nd Relief,Mandurriao-TDZ,"10.72, 122.54"
"SIOSAN, ELMER",INJAP TOWER SERVICE ROAD,TDZ-9023,2nd Relief,Mandurriao-TDZ,"10.72, 122.54"
"TICAO, JOSE",U TURN SLOT ZURI HOTEL,TDZ-6610,2nd Relief,Mandurriao-TDZ,"10.72, 122.54"
"TUMANDAY, JOHN PAUL",INJAP TOWER MAIN ROAD,TDZ-3345,2nd Relief,Mandurriao-TDZ,"10.72, 122.54"
"BEGONA, FEDERICO JR",SUPERVISOR,JR2-7001,2nd Relief,Jaro,"10.72, 122.56"
"SAMPOLLO, LYRA MAE",SUPERVISOR,JR2-7002,2nd Relief,Jaro,"10.72, 122.56"
"ALABADO, JENNIFER",ASST. SUPERVISOR,JR2-7003,2nd Relief,Jaro,"10.72, 122.56"
"BORNALES, TERESO",RIZAL ST / SCOTT,JR2-8810,2nd Relief,Jaro,"10.7068, 122.5698"
"BUENAVENTURA, IRISH JOHN",MC ARTHUR DRIVE / QUINTIN SALAS,JR2-5534,2nd Relief,Jaro,"10.7398, 122.5631"
"CASTILLO, REGIE",M JAIME / JAVELLANA,JR2-1109,2nd Relief,Jaro,"10.72, 122.56"
"CONCEPCION, NEILBERT",E. LOPEZ / JAVELLANA,JR2-9975,2nd Relief,Jaro,"10.718, 122.562"
"EMPIG, EFREN",RIZAL ST / WASHINGTON,JR2-7748,2nd Relief,Jaro,"10.71, 122.56"
"ESPINOSA, JOSE MIGUEL",C1 ROAD / BALABAGO,JR2-2253,2nd Relief,Jaro,"10.74, 122.58"
"FABILLION, BRIXTER RAYCE",MC ARTHUR DRIVE / ANGELICUM,JR2-4401,2nd Relief,Jaro,"10.73, 122.57"
"GALLO, JUPHET",LOPEZ JAENA / CPU GATE 2,JR2-6632,2nd Relief,Jaro,"10.73, 122.55"
"JENETILLO, ADRIAN",JALANDONI ST / E LOPEZ,JR2-1324,2nd Relief,Jaro,"10.7186, 122.5622"
"LASAFIN, HEPOLITO JR",JALANDONI ST / COMMISSION CIVIL,JR2-5580,2nd Relief,Jaro,"10.718, 122.56"
"MANGALISAN, CHRISTIAN PAUL",MC ARTHUR DRIVE / CT MALL,JR2-8807,2nd Relief,Jaro,"10.75, 122.57"
"MARTINEZ, MARVIN",MC ARTHUR DRIVE / CT MALL,JR2-3379,2nd Relief,Jaro,"10.75, 122.57"
"MERCADO, ALBERTO",COASTAL ROAD / TACAS,JR2-1944,2nd Relief,Jaro,"10.75, 122.58"
"MERCADO, LYN",LIBERTAD / RIZAL ST,JR2-7021,2nd Relief,Jaro,"10.72, 122.56"
"MONDEIA, CHRISTOPHER",E LOPEZ ST (ROBINSON'S PLACE),JR2-4469,2nd Relief,Jaro,"10.718, 122.562"
"PABLICO, SIM",MC ARTHUR DRIVE / CT MALL,JR2-2281,2nd Relief,Jaro,"10.75, 122.57"
"PADERNAL, RICHARD JOHNRICK",CERES / MC ARTHUR DRIVE,JR2-9033,2nd Relief,Jaro,"10.73, 122.57"
"PASOMANERO, RALF",LOPEZ JAENA / SAN ISIDRO,JR2-6612,2nd Relief,Jaro,"10.72, 122.55"
"PEÑAFLOR, MELCHOR",E LOPEZ ST (COLEGIO DE SAN JOSE),JR2-3359,2nd Relief,Jaro,"10.718, 122.562"
"PESTAÑO, STEPHEN",E LOPEZ ST (DEL CARMEN),JR2-1198,2nd Relief,Jaro,"10.718, 122.562"
"PORAL, RICHMOND SR",JAVELLANA COMMISSION CIVIL,JR2-5501,2nd Relief,Jaro,"10.72, 122.57"
"PUMAREN, LAWRENCE",MC ARTHUR DRIVE / ALTA TIERRA,JR2-7717,2nd Relief,Jaro,"10.74, 122.57"
"SAJONIA, ARTURO JR",EL 98 / MARKET ROAD,JR2-9042,2nd Relief,Jaro,"10.7226, 122.5554"
"SAJONIA, SILVERIO III",E LOPEZ ST (MISSION ROAD),JR2-2268,2nd Relief,Jaro,"10.718, 122.562"
"SALARDA, DOMINADOR JR",E LOPEZ ST (DB LEDESMA),JR2-6641,2nd Relief,Jaro,"10.718, 122.562"
"SAPIO, KEVIN JAMES",EL 98 / CUARTERO,JR2-4093,2nd Relief,Jaro,"10.7226, 122.5554"
"SULPICO, MARK VINCENT",C1 ROAD / BALABAGO,JR2-1358,2nd Relief,Jaro,"10.74, 122.58"
"SULPICO, ROSE",MC ARTHUR DRIVE / BANGGA CUBAY,JR2-5587,2nd Relief,Jaro,"10.74, 122.57"
"TAPALES, MERLITO",E LOPEZ ST (SEMINARIO),JR2-7711,2nd Relief,Jaro,"10.718, 122.56"
"TIQUEL, RICHELLE JOHN",RIZAL ST / ARGUELLES,JR2-9035,2nd Relief,Jaro,"10.72, 122.56"
"TOLENTINO, FRANKLIN",MC ARTHUR DRIVE / ILOILO SUPERMART JARO,JR2-2260,2nd Relief,Jaro,"10.72, 122.56"
"VALENZUELA, CHERRY LOVE",COASTAL ROAD / TACAS,JR2-6649,2nd Relief,Jaro,"10.75, 122.58"
"VELASCO, ULYSSES",RIZAL ST / SMITH,JR2-4091,2nd Relief,Jaro,"10.71, 122.56"
"VILLANUEVA, DOMINADOR JR",CERES / MC ARTHUR DRIVE,JR2-1352,2nd Relief,Jaro,"10.73, 122.57"